date,lat,long
2026-06-20,39.351494,-76.683431
2026-06-20,39.317852,-76.611126
2026-06-24,39.353042,-76.609304
2026-06-30,39.303436,-76.638303
2026-06-27,39.281902,-76.683871
2026-06-23,39.291935,-76.568871
2026-05-24,39.286948,-76.689612
2026-07-04,39.23736,-76.603484
2026-06-10,39.252424,-76.626725
2022-11-24,39.293412,-76.579178
2026-05-31,39.289634,-76.615969
2026-04-24,39.338852,-76.668668
2026-06-11,39.308833,-76.650045
2026-06-07,39.339459,-76.667225
2026-06-06,39.277469,-76.616065
2026-05-30,39.244704,-76.627313
2026-05-15,39.290722,-76.645827
2026-04-05,39.280445,-76.610506
2026-05-15,39.290722,-76.645827
2026-04-01,39.3462,-76.680844
2026-04-01,39.299568,-76.621735
2026-04-13,39.347585,-76.671698
2026-05-07,39.32168,-76.691
2026-05-05,39.282493,-76.642209
2026-05-07,39.311074,-76.592445
2026-03-25,39.347974,-76.597577
2026-03-30,39.30727,-76.596975
2026-02-04,39.343117,-76.659342
2026-03-06,39.343479,-76.642764
2026-02-15,39.308541,-76.63692
2026-02-28,39.300435,-76.597665
2026-01-06,39.330612,-76.557004
2026-02-20,39.303409,-76.629099
2026-01-03,39.299502,-76.584968
2026-02-04,39.343117,-76.659342
2026-02-15,39.344642,-76.683372
2026-02-13,39.301989,-76.594864
2026-02-27,39.227825,-76.600221
2026-02-25,39.342014,-76.678137
2026-02-25,39.342014,-76.678137
2026-02-25,39.238876,-76.602872
2026-01-31,39.354796,-76.609679
2025-12-28,39.277291,-76.612179
2026-01-03,39.285161,-76.669903
2025-12-27,39.299419,-76.598435
2026-01-04,39.30963,-76.636835
2026-02-17,39.318693,-76.6544
2026-01-11,39.338947,-76.683385
2025-11-25,39.298648,-76.665289
2026-01-18,39.310527,-76.634118
2025-12-06,39.284134,-76.645943
2022-06-22,39.312683,-76.584042
2026-01-14,39.315543,-76.592521
2025-12-06,39.284134,-76.645943
2025-12-04,39.347512,-76.539532
2025-12-13,39.319153,-76.609014
2022-06-21,39.312592,-76.586055
2025-12-10,39.266818,-76.652208
2026-01-16,39.251025,-76.643614
2025-12-13,39.266671,-76.652129
2026-01-15,39.251085,-76.624876
2025-12-07,39.368088,-76.54772
2025-12-10,39.27416,-76.628276
2025-11-26,39.298045,-76.60393
2025-12-13,39.239168,-76.596617
2025-11-05,39.290721,-76.644005
2025-11-02,39.2917,-76.620038
2025-11-08,39.309227,-76.669517
2025-11-06,39.340798,-76.697292
2025-12-16,39.322319,-76.572337
2025-12-18,39.315953,-76.679616
2025-11-23,39.328686,-76.546433
2025-11-22,39.308769,-76.670655
2025-10-29,39.29373,-76.567698
2025-11-14,39.276657,-76.61305
2025-10-01,39.263114,-76.639826
2025-11-11,39.349039,-76.56636
2025-11-04,39.309625,-76.597832
2025-10-07,39.237721,-76.612447
2025-11-23,39.323848,-76.683597
2025-10-15,39.282831,-76.63122
2025-11-22,39.292948,-76.6215
2025-11-15,39.311461,-76.609536
2025-09-09,39.300487,-76.63607
2022-08-14,39.352266,-76.561598
2025-10-17,39.296878,-76.614735
2025-10-03,39.300197,-76.596131
2025-10-21,39.356333,-76.599941
2025-09-10,39.301018,-76.584824
2025-10-23,39.228339,-76.597679
2025-09-11,39.301165,-76.661841
2025-09-25,39.26346,-76.632945
2025-09-13,39.347122,-76.676977
2025-09-20,39.312908,-76.604122
2025-09-26,39.310487,-76.637317
2025-09-25,39.304772,-76.585301
2025-08-20,39.313894,-76.64568
2025-09-20,39.309502,-76.632743
2025-08-20,39.348306,-76.674991
2025-08-23,39.316496,-76.632042
2025-09-30,39.23528,-76.604405
2025-08-31,39.325513,-76.601546
2025-08-31,39.348622,-76.67257
2025-07-13,39.282014,-76.681395
2025-07-23,39.292827,-76.675692
2025-07-23,39.299568,-76.680328
2025-09-04,39.29551,-76.633039
2025-07-19,39.323365,-76.594353
2025-08-10,39.350639,-76.670456
2025-06-21,39.289865,-76.594044
2025-07-19,39.363377,-76.64645
2025-06-19,39.29697,-76.582989
2025-07-01,39.299226,-76.578256
2025-06-23,39.297212,-76.684472
2025-08-09,39.293198,-76.656757
2025-06-22,39.281328,-76.651312
2025-07-05,39.320341,-76.609545
2025-07-03,39.312988,-76.608602
2025-07-02,39.315466,-76.567028
2025-05-26,39.303957,-76.635443
2025-05-26,39.303957,-76.635443
2025-07-12,39.325718,-76.571098
2025-07-11,39.276441,-76.54341
2025-05-23,39.309157,-76.644141
2025-05-25,39.294017,-76.622784
2025-07-03,39.36067,-76.553805
2025-07-08,39.342387,-76.677958
2025-07-05,39.294442,-76.568678
2025-06-01,39.359464,-76.551663
2025-06-30,39.304912,-76.602749
2025-07-03,39.281519,-76.651842
2025-07-03,39.280331,-76.595297
2025-06-18,39.310965,-76.591507
2025-06-03,39.284842,-76.645393
2025-05-24,39.312049,-76.610902
2025-06-13,39.289812,-76.641191
2025-10-25,39.323648,-76.656756
2025-05-07,39.320646,-76.569264
2022-11-06,39.351428,-76.68374
2025-06-14,39.324766,-76.541071
2025-06-09,39.24335,-76.623486
2025-06-07,39.347279,-76.669526
2025-05-31,39.250387,-76.623464
2025-05-04,39.304251,-76.646246
2025-05-19,39.305023,-76.584293
2025-05-04,39.295978,-76.569568
2025-04-06,39.315298,-76.595738
2025-05-15,39.296672,-76.584921
2025-04-03,39.355957,-76.702863
2025-10-10,39.2776,-76.542091
2022-10-30,39.338128,-76.607647
2025-05-18,39.299196,-76.601862
2025-05-18,39.273153,-76.674254
2025-04-05,39.305215,-76.649697
2025-03-09,39.323811,-76.683371
2025-05-11,39.301521,-76.685465
2025-05-11,39.24012,-76.607696
2025-04-24,39.34934,-76.67696
2025-03-09,39.305202,-76.643543
2025-03-16,39.326982,-76.563648
2025-03-19,39.350376,-76.680783
2025-03-18,39.303809,-76.608014
2025-04-19,39.294532,-76.678493
2025-03-05,39.29986,-76.603564
2025-03-16,39.35146,-76.683003
2025-03-15,39.305845,-76.641997
2025-03-17,39.345222,-76.607122
2025-03-13,39.237543,-76.611748
2025-03-06,39.274853,-76.68878
2025-02-20,39.292657,-76.59981
2025-03-15,39.305127,-76.574268
2025-03-22,39.295665,-76.572798
2025-02-02,39.304808,-76.582598
2025-02-23,39.238883,-76.610829
2025-02-27,39.28833,-76.64441
2025-01-09,39.329383,-76.533181
2025-01-12,39.338975,-76.667895
2025-02-23,39.238883,-76.610829
2025-02-23,39.294467,-76.664974
2025-01-23,39.326763,-76.573843
2025-01-19,39.292667,-76.566324
2025-01-19,39.326933,-76.683247
2025-01-19,39.235206,-76.606359
2025-02-16,39.311125,-76.584547
2025-02-15,39.277173,-76.542858
2024-12-31,39.34499,-76.597518
2025-01-24,39.347921,-76.670392
2025-01-27,39.323438,-76.59663
2025-02-23,39.287374,-76.559583
2024-12-03,39.310963,-76.676075
2025-01-18,39.340768,-76.701332
2024-12-18,39.303873,-76.549225
2024-12-16,39.31035,-76.637047
2024-12-16,39.288676,-76.636815
2024-12-10,39.305296,-76.550699
2025-01-27,39.294024,-76.678453
2024-12-01,39.313019,-76.649097
2024-11-30,39.289153,-76.620836
2024-12-26,39.305864,-76.583221
2024-12-08,39.29717,-76.689586
2024-11-09,39.347313,-76.538975
2025-01-22,39.355549,-76.609961
2024-12-09,39.327666,-76.651253
2024-12-09,39.344236,-76.682512
2024-12-24,39.307612,-76.709025
2024-12-15,39.290553,-76.64888
2024-11-03,39.328331,-76.565331
2024-11-15,39.304414,-76.631644
2024-11-25,39.251381,-76.614942
2024-11-24,39.352809,-76.681492
2024-11-22,39.305702,-76.631792
2024-12-18,39.303805,-76.581126
2024-11-18,39.295206,-76.647392
2024-11-15,39.348073,-76.681587
2024-11-21,39.315527,-76.600077
2024-11-07,39.268964,-76.634143
2024-11-17,39.299615,-76.591038
2024-12-29,39.299346,-76.584386
2024-11-06,39.311125,-76.584547
2024-12-27,39.308292,-76.636452
2024-10-27,39.296761,-76.582954
2024-10-10,39.341667,-76.603657
2024-11-21,39.331038,-76.543517
2024-11-22,39.339554,-76.681255
2022-09-11,39.325402,-76.552533
2024-11-13,39.30472,-76.60924
2024-10-28,39.278559,-76.565613
2024-10-28,39.289386,-76.64802
2024-10-10,39.302393,-76.635113
2024-09-23,39.312496,-76.645495
2024-10-24,39.292119,-76.580332
2026-03-20,39.277908,-76.658448
2026-03-21,39.299167,-76.583178
2024-11-06,39.317807,-76.6198
2024-09-20,39.312742,-76.603245
2024-09-30,39.283813,-76.645021
2024-11-04,39.302416,-76.633364
2024-10-27,39.277716,-76.615521
2024-10-08,39.315875,-76.596317
2024-11-07,39.333165,-76.694911
2024-10-05,39.354715,-76.609786
2024-09-21,39.34431,-76.609666
2024-08-22,39.312336,-76.591661
2024-08-21,39.282172,-76.626187
2024-10-14,39.315164,-76.599208
2024-10-26,39.283734,-76.646768
2024-09-27,39.318181,-76.609534
2024-10-24,39.312974,-76.608317
2024-10-07,39.303856,-76.579852
2024-10-03,39.283952,-76.656029
2024-08-22,39.369841,-76.681657
2024-10-10,39.341667,-76.603657
2024-09-15,39.343019,-76.599134
2024-08-22,39.27987,-76.6856
2024-09-12,39.305301,-76.640564
2024-09-28,39.281639,-76.684705
2024-08-15,39.28631,-76.642333
2024-09-21,39.287562,-76.540164
2024-08-06,39.308664,-76.642655
2024-08-06,39.2885,-76.640899
2024-09-17,39.309135,-76.635285
2024-09-03,39.27669,-76.625418
2024-09-18,39.37154,-76.567094
2024-09-18,39.340819,-76.601085
2024-07-07,39.310493,-76.641275
2024-08-18,39.300741,-76.624172
2024-08-17,39.285644,-76.593458
2024-09-16,39.248346,-76.629275
2024-08-09,39.286823,-76.633745
2024-09-21,39.348345,-76.674819
2024-09-21,39.348345,-76.674819
2024-09-21,39.276665,-76.613053
2024-08-04,39.29761,-76.647529
2024-07-09,39.338747,-76.684804
2024-07-24,39.298696,-76.575133
2024-08-10,39.3017,-76.625516
2024-08-21,39.283587,-76.657694
2024-08-19,39.305418,-76.598901
2024-07-13,39.291135,-76.605901
2024-08-16,39.340598,-76.607576
2024-08-01,39.234909,-76.597586
2024-07-29,39.344491,-76.682936
2024-07-22,39.318437,-76.653356
2024-07-16,39.283984,-76.654892
2024-07-14,39.301227,-76.60538
2024-07-15,39.308263,-76.575871
2024-07-04,39.288359,-76.643869
2024-07-15,39.309695,-76.643737
2024-09-15,39.282966,-76.602482
2024-07-10,39.338087,-76.551554
2024-07-27,39.301863,-76.599297
2024-07-10,39.293939,-76.657175
2024-07-20,39.297129,-76.577863
2024-07-06,39.29853,-76.655074
2024-07-17,39.31945,-76.572839
2024-07-25,39.327449,-76.682581
2024-07-09,39.29845,-76.662979
2024-07-06,39.311144,-76.64207
2024-07-03,39.302393,-76.635113
2024-07-20,39.33855,-76.658447
2024-06-16,39.268805,-76.651164
2024-06-11,39.319322,-76.596347
2024-06-10,39.290506,-76.65028
2024-06-14,39.22831,-76.594049
2024-06-18,39.30073,-76.626726
2024-05-21,39.336753,-76.683375
2024-05-20,39.322332,-76.572575
2024-06-12,39.283281,-76.644123
2024-07-03,39.323659,-76.543057
2024-05-18,39.315995,-76.64539
2024-05-26,39.274215,-76.627883
2024-06-02,39.296985,-76.626667
2024-08-11,39.303415,-76.639037
2024-08-21,39.249681,-76.631216
2024-06-24,39.296975,-76.656517
2024-05-25,39.298175,-76.662958
2024-06-30,39.32164,-76.68414
2024-06-25,39.296136,-76.634832
2024-05-27,39.288341,-76.659341
2024-06-25,39.311534,-76.647532
2024-05-06,39.313317,-76.615964
2024-04-02,39.28668,-76.611347
2024-05-29,39.355303,-76.678773
2024-04-02,39.311101,-76.585072
2024-06-02,39.293721,-76.623351
2024-05-09,39.305569,-76.587921
2024-06-06,39.326407,-76.587546
2024-03-26,39.304304,-76.6357
2024-04-25,39.301825,-76.626958
2024-05-31,39.347176,-76.683203
2024-04-29,39.339442,-76.684719
2024-06-06,39.32287,-76.682836
2024-05-06,39.277927,-76.617464
2024-02-03,39.29441,-76.66805
2024-05-05,39.325198,-76.65772
2024-02-02,39.245407,-76.624484
2024-06-27,39.33114,-76.671164
2024-03-01,39.245502,-76.623379
2024-06-24,39.296008,-76.58361
2024-04-17,39.323209,-76.549041
2024-04-15,39.295597,-76.584302
2024-02-29,39.28652,-76.63737
2024-03-03,39.30416,-76.599443
2024-03-12,39.301097,-76.580394
2024-02-08,39.329222,-76.564003
2024-02-08,39.329222,-76.564003
2024-03-01,39.324318,-76.540743
2024-03-13,39.323917,-76.594772
2024-03-11,39.295419,-76.573467
2024-04-15,39.347182,-76.671663
2024-03-06,39.337787,-76.594408
2024-03-05,39.283464,-76.681141
2024-03-16,39.305359,-76.575558
2024-04-07,39.291483,-76.566692
2024-03-15,39.299977,-76.645679
2024-03-07,39.284553,-76.652075
2024-03-10,39.349501,-76.669621
2024-04-11,39.243489,-76.626152
2024-04-07,39.306129,-76.667512
2024-02-02,39.327568,-76.530666
2024-03-12,39.29184,-76.58735
2024-03-16,39.289883,-76.576111
2024-03-15,39.313224,-76.603455
2024-01-16,39.322824,-76.5736
2024-01-09,39.324556,-76.569682
2024-02-16,39.299388,-76.63739
2024-01-30,39.338303,-76.604458
2024-03-13,39.316947,-76.682734
2024-02-17,39.324694,-76.686618
2024-06-01,39.344587,-76.685961
2024-04-21,39.341504,-76.634469
2024-02-17,39.291114,-76.618058
2024-01-20,39.34276,-76.686013
2024-01-20,39.34276,-76.686013
2024-04-18,39.300042,-76.580323
2023-12-18,39.356608,-76.689668
2024-01-02,39.288232,-76.653561
2023-12-31,39.328331,-76.565331
2024-01-04,39.289796,-76.621021
2024-01-25,39.343025,-76.685902
2024-02-21,39.29117,-76.630145
2023-12-10,39.29745,-76.65346
2024-02-17,39.324694,-76.686618
2024-01-14,39.298822,-76.61104
2023-12-22,39.325694,-76.536432
2024-01-24,39.262223,-76.652554
2023-11-07,39.279013,-76.656114
2024-01-30,39.28872,-76.635795
2024-05-14,39.320978,-76.609548
2024-05-12,39.29196,-76.56745
2023-11-27,39.295633,-76.661518
2023-12-15,39.311046,-76.600844
2023-11-25,39.281202,-76.699118
2023-11-25,39.281202,-76.699118
2023-12-19,39.259902,-76.53014
2023-12-17,39.309545,-76.636763
2024-01-12,39.282916,-76.628889
2024-01-27,39.29604,-76.570495
2024-01-20,39.226748,-76.588668
2024-01-20,39.226748,-76.588668
2023-12-01,39.328484,-76.546674
2024-01-27,39.305017,-76.601735
2023-12-22,39.312592,-76.586055
2023-11-15,39.294509,-76.663769
2023-10-25,39.264132,-76.632381
2023-12-16,39.305793,-76.58492
2023-12-03,39.273929,-76.533109
2023-10-22,39.354644,-76.530717
2023-12-03,39.333393,-76.609397
2023-12-03,39.333393,-76.609397
2023-12-02,39.29388,-76.682708
2023-11-15,39.294509,-76.663769
2023-10-31,39.32588,-76.555983
2023-11-01,39.298721,-76.574561
2023-12-30,39.342146,-76.678047
2023-12-01,39.308014,-76.638809
2023-12-31,39.298066,-76.69342
2022-09-11,39.282493,-76.657425
2023-09-15,39.292878,-76.621218
2023-10-27,39.338391,-76.67025
2023-11-30,39.313006,-76.686047
2023-10-02,39.294251,-76.649084
2023-10-27,39.288081,-76.635179
2023-11-15,39.297233,-76.575736
2023-10-17,39.347675,-76.682437
2023-09-15,39.29205,-76.62981
2022-10-04,39.302462,-76.662739
2023-09-23,39.296228,-76.575822
2023-11-21,39.315748,-76.665029
2023-11-10,39.348671,-76.678066
2023-09-22,39.316171,-76.589971
2023-09-25,39.303467,-76.643141
2023-11-12,39.326408,-76.682684
2023-10-17,39.367499,-76.564986
2023-10-16,39.304359,-76.607548
2023-09-30,39.295636,-76.583589
2023-10-14,39.283226,-76.642139
2023-09-24,39.294069,-76.615311
2023-10-05,39.286385,-76.638086
2023-10-06,39.313628,-76.589931
2023-09-05,39.298551,-76.634089
2023-10-16,39.323811,-76.683371
2023-10-03,39.294175,-76.639935
2023-10-18,39.305845,-76.641997
2023-09-23,39.294981,-76.620312
2023-08-26,39.299834,-76.661759
2023-11-12,39.276617,-76.5426
2023-09-06,39.330764,-76.606454
2023-09-02,39.312009,-76.587403
2023-09-02,39.312009,-76.587403
2023-09-24,39.253722,-76.654033
2023-08-31,39.279243,-76.668384
2023-08-27,39.237401,-76.601683
2023-09-07,39.307923,-76.647701
2023-08-24,39.309701,-76.652779
2023-08-31,39.367415,-76.594396
2023-09-29,39.276296,-76.614252
2023-10-02,39.236817,-76.603763
2023-08-17,39.288795,-76.634155
2023-08-12,39.284661,-76.656556
2023-09-03,39.289606,-76.609849
2023-08-25,39.343755,-76.600966
2023-09-29,39.367255,-76.567104
2023-08-24,39.309701,-76.652779
2023-09-24,39.253722,-76.654033
2023-07-03,39.287874,-76.652036
2023-07-25,39.251412,-76.646984
2023-09-13,39.295636,-76.583589
2023-09-07,39.304055,-76.602249
2023-08-01,39.224446,-76.588464
2023-08-26,39.329918,-76.608353
2023-08-31,39.242827,-76.623435
2023-07-01,39.326732,-76.591625
2023-08-11,39.328562,-76.590035
2023-07-04,39.284463,-76.642226
2023-08-06,39.328032,-76.609349
2023-07-21,39.288246,-76.613281
2023-07-31,39.301433,-76.664522
2023-08-18,39.342229,-76.684559
2023-07-03,39.284815,-76.588658
2023-07-31,39.333653,-76.661807
2023-08-18,39.29221,-76.629324
2023-08-04,39.368895,-76.56651
2023-07-02,39.230594,-76.601227
2023-08-18,39.281168,-76.574851
2023-07-08,39.301341,-76.609006
2023-08-26,39.307168,-76.648076
2023-09-09,39.314751,-76.545897
2023-07-16,39.338013,-76.667341
2023-07-08,39.322522,-76.576772
2023-07-08,39.301341,-76.609006
2023-08-14,39.300547,-76.59461
2023-08-03,39.284965,-76.623534
2023-06-11,39.228376,-76.587196
2023-06-10,39.28159,-76.651945
2023-07-02,39.230594,-76.601227
2023-08-04,39.297886,-76.638726
2023-08-04,39.28445,-76.639394
2023-06-19,39.327351,-76.665497
2023-07-16,39.319277,-76.566423
2023-07-11,39.304304,-76.6357
2023-06-14,39.310873,-76.591067
2023-06-28,39.31681,-76.59536
2023-05-25,39.294883,-76.622703
2023-05-24,39.324735,-76.565498
2023-06-25,39.300771,-76.59783
2023-07-22,39.351489,-76.682815
2023-07-17,39.303753,-76.644181
2023-05-31,39.267349,-76.651621
2023-07-27,39.24179,-76.609657
2023-08-20,39.298803,-76.611639
2023-08-20,39.298803,-76.611639
2023-06-10,39.319993,-76.610771
2023-05-21,39.317123,-76.668589
2023-06-26,39.287553,-76.593774
2023-05-21,39.340537,-76.667206
2023-06-16,39.286645,-76.653024
2023-08-05,39.305825,-76.58421
2023-06-29,39.263575,-76.640765
2023-06-01,39.327414,-76.531183
2023-06-30,39.301947,-76.632783
2023-05-27,39.321837,-76.590197
2023-06-24,39.303539,-76.629109
2023-06-25,39.350376,-76.680783
2023-05-20,39.296384,-76.625935
2023-05-24,39.33572,-76.554977
2023-06-05,39.279219,-76.544735
2023-05-01,39.305279,-76.597959
2023-06-05,39.297612,-76.623747
2023-04-10,39.315389,-76.667995
2023-06-03,39.287321,-76.54543
2023-06-16,39.289626,-76.643926
2023-05-15,39.306575,-76.654848
2023-06-09,39.360507,-76.567958
2023-04-06,39.274665,-76.543446
2023-06-06,39.284415,-76.643638
2023-06-28,39.342413,-76.682887
2023-06-16,39.290317,-76.655803
2023-05-20,39.294256,-76.603673
2023-05-06,39.287064,-76.650076
2023-04-18,39.23372,-76.605352
2023-04-10,39.281383,-76.693772
2023-05-23,39.293643,-76.653379
2023-05-15,39.315776,-76.606844
2023-05-14,39.346342,-76.599438
2023-04-17,39.293401,-76.604015
2023-04-12,39.289913,-76.605717
2023-04-11,39.28953,-76.647091
2023-04-11,39.301186,-76.578279
2023-06-29,39.253042,-76.652489
2023-04-16,39.263198,-76.642279
2023-05-04,39.301169,-76.631824
2023-05-01,39.316277,-76.601368
2023-04-30,39.281234,-76.581203
2023-04-20,39.267349,-76.651621
2023-05-04,39.301169,-76.631824
2023-02-19,39.316383,-76.594778
2023-05-06,39.358766,-76.573294
2023-05-10,39.330311,-76.534602
2023-05-11,39.319656,-76.691167
2023-04-10,39.366405,-76.601438
2023-04-09,39.327398,-76.594526
2023-03-11,39.290509,-76.563539
2023-05-14,39.26841,-76.650583
2023-04-09,39.305437,-76.639926
2023-04-04,39.290003,-76.57597
2023-04-03,39.287783,-76.539899
2023-04-07,39.309933,-76.644195
2023-03-24,39.30611,-76.576559
2023-02-26,39.319253,-76.551691
2023-02-20,39.30915,-76.662371
2023-04-29,39.297194,-76.580136
2023-02-14,39.251618,-76.625964
2023-05-05,39.365549,-76.554411
2023-02-14,39.28286,-76.630481
2023-02-14,39.306143,-76.575953
2023-02-21,39.283377,-76.649736
2023-05-15,39.26841,-76.650583
2023-02-26,39.292777,-76.675544
2023-03-21,39.295092,-76.650527
2023-03-22,39.233835,-76.59836
2023-04-02,39.362666,-76.545357
2023-04-02,39.362666,-76.545357
2023-03-23,39.35443,-76.556041
2023-03-22,39.263099,-76.642039
2023-04-25,39.291276,-76.648913
2023-03-02,39.32172,-76.57362
2023-03-24,39.356457,-76.60998
2023-03-23,39.294408,-76.663391
2023-03-12,39.298666,-76.628712
2023-03-13,39.31995,-76.595343
2023-04-16,39.366331,-76.551232
2023-04-13,39.290538,-76.649399
2023-03-29,39.295467,-76.650548
2023-03-16,39.36823,-76.56702
2023-03-16,39.296098,-76.635762
2023-04-02,39.362666,-76.545357
2023-02-15,39.312595,-76.585912
2023-01-18,39.303968,-76.635289
2023-01-23,39.293,-76.572319
2023-02-13,39.298818,-76.646809
2023-02-27,39.299927,-76.583156
2023-04-30,39.295251,-76.678536
2023-02-05,39.324676,-76.590308
2023-04-17,39.250027,-76.6311
2023-04-14,39.307899,-76.585619
2022-12-29,39.293721,-76.623351
2023-03-28,39.281104,-76.645406
2023-02-25,39.296266,-76.656483
2023-01-16,39.294408,-76.663391
2023-01-26,39.243489,-76.626152
2023-01-25,39.329712,-76.690546
2023-01-17,39.31085,-76.591714
2023-01-28,39.303968,-76.635289
2023-01-28,39.303968,-76.635289
2023-01-29,39.347008,-76.603198
2023-01-27,39.339673,-76.68355
2022-12-27,39.299506,-76.575898
2022-12-21,39.289293,-76.619521
2022-12-23,39.301737,-76.596357
2023-01-24,39.310569,-76.602879
2022-12-30,39.307785,-76.651527
2023-01-07,39.294859,-76.600194
2022-12-30,39.255498,-76.642846
2022-12-29,39.285142,-76.648573
2022-11-20,39.243489,-76.626152
2023-01-12,39.303373,-76.616118
2023-01-12,39.309488,-76.634892
2023-03-07,39.327449,-76.682581
2023-02-28,39.227878,-76.601046
2023-01-01,39.298985,-76.580255
2023-03-06,39.290657,-76.541024
2023-01-19,39.351442,-76.682973
2023-01-23,39.230594,-76.601227
2023-01-18,39.290699,-76.644699
2022-12-26,39.313323,-76.623088
2023-02-26,39.371241,-76.566921
2022-12-26,39.345287,-76.681522
2022-12-13,39.333962,-76.531668
2022-12-21,39.344678,-76.682004
2023-02-10,39.329704,-76.565481
2022-12-11,39.340603,-76.593336
2023-01-21,39.347014,-76.608955
2023-03-03,39.324304,-76.609188
2022-12-18,39.295484,-76.638884
2023-01-04,39.295706,-76.572645
2023-01-04,39.293624,-76.689892
2022-11-05,39.304808,-76.582598
2023-01-28,39.303968,-76.635289
2022-10-29,39.320974,-76.654508
2022-10-15,39.279013,-76.656114
2022-10-16,39.286507,-76.678091
2022-11-12,39.348634,-76.67397
2022-11-13,39.308664,-76.642655
2022-11-05,39.339442,-76.684719
2023-01-13,39.285584,-76.673203
2022-12-08,39.341152,-76.671172
2022-12-08,39.251272,-76.646193
2022-10-23,39.315628,-76.593886
2022-11-23,39.29727,-76.581561
2022-10-16,39.312765,-76.60515
2022-10-19,39.346593,-76.680712
2022-11-27,39.30107,-76.58095
2022-12-26,39.318437,-76.653356
2022-11-15,39.295396,-76.589318
2022-12-07,39.33694,-76.659775
2022-12-02,39.278124,-76.617725
2022-10-27,39.24985,-76.639445
2022-12-02,39.340375,-76.667081
2022-12-10,39.335641,-76.537025
2022-12-07,39.33456,-76.662783
2022-10-19,39.339585,-76.662819
2023-01-15,39.277114,-76.685647
2022-11-28,39.340629,-76.674003
2022-11-29,39.319811,-76.597873
2022-12-07,39.369955,-76.562757
2022-12-01,39.299758,-76.55469
2022-11-15,39.307002,-76.581322
2022-10-18,39.278322,-76.638239
2022-11-18,39.255104,-76.651063
2022-09-13,39.293775,-76.567747
2022-11-03,39.28311,-76.645693
2022-09-26,39.267593,-76.6506
2022-09-20,39.308728,-76.591585
2022-11-03,39.305017,-76.601735
2022-10-05,39.306307,-76.600524
2022-10-21,39.300115,-76.640257
2022-10-21,39.351974,-76.685738
2023-01-05,39.319168,-76.650611
2022-09-01,39.343603,-76.595276
2022-09-02,39.332779,-76.588976
2022-10-31,39.281364,-76.652586
2022-11-20,39.279977,-76.656534
2022-11-05,39.307384,-76.575682
2022-11-28,39.300547,-76.59461
2022-10-13,39.310493,-76.641275
2023-01-13,39.23088,-76.600762
2022-08-20,39.281496,-76.652649
2022-08-22,39.33909,-76.657817
2022-08-25,39.328548,-76.609509
2022-10-13,39.306087,-76.663383
2022-12-07,39.33792,-76.663107
2022-11-29,39.288722,-76.67308
2022-12-12,39.234842,-76.611316
2022-11-17,39.301244,-76.669579
2022-09-26,39.237401,-76.606047
2022-12-04,39.357572,-76.590845
2022-09-20,39.24649,-76.626833
2022-08-31,39.315643,-76.64571
2022-08-15,39.293381,-76.618225
2022-08-30,39.356447,-76.609235
2022-08-11,39.358997,-76.603897
2022-11-03,39.31525,-76.633979
2022-10-13,39.341529,-76.675908
2022-10-29,39.288896,-76.642339
2022-11-07,39.29161,-76.563443
2022-09-21,39.356608,-76.689668
2022-09-14,39.297855,-76.640137
2022-08-14,39.286659,-76.636695
2022-07-31,39.321525,-76.568843
2022-10-12,39.296342,-76.573011
2022-08-12,39.326866,-76.564695
2022-06-23,39.310078,-76.643428
2022-06-22,39.269401,-76.65692
2022-07-09,39.288281,-76.656855
2022-10-30,39.275267,-76.642141
2022-07-07,39.284023,-76.61336
2022-09-28,39.283463,-76.593571
2022-07-28,39.298978,-76.66614
2022-08-02,39.262763,-76.640743
2022-10-10,39.303927,-76.5782
2022-06-19,39.272349,-76.646038
2022-06-18,39.313006,-76.686047
2022-07-12,39.243296,-76.625883
2022-06-18,39.320642,-76.618619
2022-07-28,39.291287,-76.624678
2022-08-21,39.358835,-76.539112
2022-07-04,39.295636,-76.583589
2022-09-06,39.298245,-76.599062
2022-06-25,39.279764,-76.615813
2022-10-05,39.361685,-76.553217
2022-09-04,39.290598,-76.644203
2022-07-16,39.277661,-76.541701
2022-07-18,39.29146,-76.597859
2022-07-02,39.297318,-76.594409
2022-08-13,39.330497,-76.666097
2022-08-27,39.321738,-76.550754
2022-09-02,39.286716,-76.658224
2022-06-20,39.287687,-76.659608
2022-07-17,39.293837,-76.684093
2022-07-23,39.240038,-76.598819
2022-07-22,39.320804,-76.596694
2022-07-30,39.316778,-76.650715
2022-10-15,39.345618,-76.683034
2022-07-02,39.301941,-76.632775
2022-08-24,39.33456,-76.662783
2022-08-20,39.284803,-76.577059
2022-07-10,39.294454,-76.582347
2022-07-21,39.301708,-76.655248
2022-08-10,39.321738,-76.550754
2022-07-30,39.292484,-76.599603
2022-08-04,39.286066,-76.673339
2022-06-16,39.28899,-76.611457
2022-07-01,39.293831,-76.649064
2022-07-16,39.33994,-76.593627
2022-06-26,39.325971,-76.540964
2022-07-30,39.307522,-76.5949
2022-09-07,39.310224,-76.667678
2022-08-08,39.310839,-76.647515
2022-06-19,39.329371,-76.596153
2022-06-18,39.283187,-76.646727
2022-05-29,39.242396,-76.607917
2022-11-07,39.293078,-76.598115
2022-06-01,39.294525,-76.663027
2022-06-15,39.29378,-76.62204
2022-04-20,39.283657,-76.64592
2022-05-10,39.298927,-76.581668
2022-08-31,39.31585,-76.646742
2022-07-25,39.309513,-76.59822
2022-07-29,39.309095,-76.669403
2022-04-14,39.282725,-76.644978
2022-07-29,39.309095,-76.669403
2022-05-22,39.346798,-76.596004
2022-09-16,39.299307,-76.602466
2022-05-13,39.283692,-76.645247
2022-05-12,39.28655,-76.6367
2022-08-07,39.294103,-76.67648
2022-05-23,39.322344,-76.605915
2022-10-14,39.252871,-76.652081
2022-05-21,39.278731,-76.617079
2022-06-28,39.319419,-76.597254
2022-04-16,39.351304,-76.677618
2022-07-01,39.347839,-76.668724
2022-08-10,39.304368,-76.639089
2022-07-16,39.283928,-76.638619
2022-06-07,39.336837,-76.543341
2022-05-04,39.294355,-76.650473
2022-07-16,39.33994,-76.593627
2022-06-07,39.300158,-76.605148
2022-06-07,39.283187,-76.646727
2022-04-15,39.230284,-76.601523
2022-04-26,39.295401,-76.649001
2022-07-12,39.324675,-76.588476
2022-07-23,39.281771,-76.684026
2022-05-08,39.283527,-76.651834
2022-07-13,39.293721,-76.623351
2022-07-27,39.327578,-76.590753
2022-05-26,39.288119,-76.656416
2022-06-07,39.323549,-76.567949
2022-06-04,39.309326,-76.603194
2022-06-15,39.281961,-76.651167
2022-08-05,39.344677,-76.682098
2022-06-17,39.287314,-76.674932
2022-06-26,39.325971,-76.540964
2022-06-28,39.304148,-76.605915
2022-06-03,39.342271,-76.602407
2022-06-13,39.302189,-76.540145
2022-07-09,39.356447,-76.568089
2022-06-14,39.348634,-76.67397
2022-05-13,39.310651,-76.593717
2022-06-02,39.28378,-76.649906
2022-06-12,39.29038,-76.677016
2022-04-27,39.229698,-76.605036
2022-04-27,39.229698,-76.605036
2022-06-14,39.303445,-76.638297
2022-04-20,39.231914,-76.592885
2022-04-18,39.331313,-76.658213
2022-08-06,39.324668,-76.590743
2022-05-27,39.312336,-76.591661
2022-03-04,39.303538,-76.644712
2022-03-01,39.287265,-76.598161
2022-04-30,39.326408,-76.682684
2022-04-30,39.326408,-76.682684
2022-06-06,39.321184,-76.550707
2022-06-06,39.282295,-76.682077
2022-05-27,39.326731,-76.593131
2022-04-14,39.210319,-76.585428
2022-05-22,39.313597,-76.587507
2022-05-22,39.313597,-76.587507
2022-03-13,39.331351,-76.695732
2022-03-12,39.286477,-76.603467
2022-04-12,39.316518,-76.568504
2022-04-28,39.338116,-76.551548
2022-03-27,39.257281,-76.644236
2022-03-25,39.345287,-76.681522
2022-04-25,39.281894,-76.592576
2022-04-07,39.298844,-76.583658
2022-04-20,39.340955,-76.665755
2022-04-14,39.359026,-76.710107
2022-04-02,39.288502,-76.638221
2022-02-03,39.307915,-76.585081
2022-06-04,39.283605,-76.647334
2022-01-28,39.31612,-76.547815
2022-01-28,39.323804,-76.594351
2022-02-01,39.299469,-76.576044
2022-05-02,39.295315,-76.591319
2022-04-26,39.298345,-76.569883
2022-01-25,39.315355,-76.647212
2022-05-02,39.346217,-76.609526
2022-05-05,39.289447,-76.565542
2022-03-10,39.282871,-76.651259
2022-05-13,39.315413,-76.611742
2022-05-13,39.315413,-76.611742
2022-05-16,39.328985,-76.541696
2022-02-14,39.236986,-76.612025
2022-05-29,39.295761,-76.57213
2022-05-29,39.295761,-76.57213
2022-04-29,39.236751,-76.603954
2022-03-18,39.311827,-76.636961
2022-03-06,39.333467,-76.683234
2022-05-28,39.286519,-76.611372
2022-03-10,39.368339,-76.562456
2022-03-09,39.35172,-76.683445
2022-06-07,39.336837,-76.543341
2022-03-18,39.299194,-76.601998
2022-04-03,39.263847,-76.63162
2022-01-30,39.345954,-76.561313
2022-01-22,39.339585,-76.567396
2022-04-06,39.281787,-76.683482
2022-01-22,39.32132,-76.676776
2022-04-06,39.306999,-76.581466
2022-03-16,39.361447,-76.678601
2022-03-16,39.273835,-76.695957
2022-04-10,39.351495,-76.686753
2022-03-12,39.290463,-76.651678
2022-02-09,39.349158,-76.671325
2022-04-04,39.252329,-76.651537
2022-04-03,39.323917,-76.594772
2022-03-26,39.298521,-76.6553
2022-03-25,39.308884,-76.674178
2022-02-05,39.321544,-76.567741
2022-02-28,39.283464,-76.681141
2022-02-06,39.321168,-76.574082
2022-03-21,39.2272,-76.587085
2022-02-28,39.248946,-76.624888
2022-02-16,39.297703,-76.675045
2022-02-16,39.297703,-76.675045
2022-02-14,39.293283,-76.597224
2022-03-19,39.304242,-76.585394
2022-03-19,39.290541,-76.646012
2022-03-12,39.252536,-76.651325
2022-03-17,39.310794,-76.593036
2022-03-13,39.331351,-76.695732
2022-03-13,39.331351,-76.695732
2022-01-31,39.298923,-76.668136
2022-03-18,39.282432,-76.614672
2022-01-22,39.320435,-76.680848
2022-01-20,39.309993,-76.642728
2022-01-18,39.313397,-76.603272
2022-01-16,39.296968,-76.653694
2022-02-12,39.236751,-76.603954
2022-01-11,39.344677,-76.682098
2022-02-12,39.236751,-76.603954
2022-02-12,39.236751,-76.603954
2022-01-10,39.32951,-76.658962
2022-02-21,39.22906,-76.600255
2022-01-24,39.346825,-76.546568
2022-01-24,39.285383,-76.640864
2022-02-08,39.302542,-76.636438
2022-01-18,39.299961,-76.705745
2022-03-02,39.309286,-76.664095
2022-01-05,39.338583,-76.667768
2022-03-01,39.286132,-76.646252
2022-03-01,39.288622,-76.638079
2022-01-23,39.26501,-76.63538
2022-01-01,39.296586,-76.677298
2022-01-20,39.298844,-76.583658
2022-01-13,39.316493,-76.68419
2022-01-11,39.334522,-76.666061
2022-01-21,39.343517,-76.60946
2022-01-12,39.327487,-76.683074
2022-01-16,39.279776,-76.624003
2022-01-11,39.301052,-76.597703
2022-01-20,39.298844,-76.583658
2022-01-20,39.298844,-76.583658
2022-01-09,39.312282,-76.590345
2022-02-12,39.321927,-76.68552
2022-01-01,39.296586,-76.677298
2022-01-12,39.283875,-76.540726
2022-01-07,39.297609,-76.64753
2022-01-25,39.370566,-76.585495
2022-01-24,39.285383,-76.640864
2022-01-24,39.285383,-76.640864
2022-02-16,39.297057,-76.601223
2022-05-10,39.306157,-76.575606
2022-04-08,39.273835,-76.695957
2022-02-14,39.236589,-76.610591
2022-04-06,39.295988,-76.67583
2022-01-24,39.285644,-76.593458
2022-02-11,39.281595,-76.647808
2022-02-11,39.308238,-76.662268
